lat,lon
46.5161323,16.556931
46.4326277,16.722043
46.4327729,16.7220631
46.0369491,17.3471325
46.0359566,17.344689
46.090138,17.229362
45.960049,17.4636161
45.960028,17.4640707
45.9594429,17.4663716
45.9598797,17.4655896
45.9788522,17.5886287
46.048497,17.55092
46.0839716,17.4448491
46.4335397,16.8986692
46.4551144,16.9921656
46.4549708,16.9898978
46.4549414,16.990092
46.4551755,16.9930302
46.4547646,16.9910402
46.4561633,16.9890122
46.4552866,16.9875449
46.4563218,16.9876763
46.4552274,16.9897637
46.5226284,17.1258602
46.226273,17.363246
46.2301716,17.3607116
45.8721032,17.8461724
46.0473322,17.7983579
46.0431727,17.9855702
46.0430343,17.9860629
46.1112206,17.8442739
46.1535913,17.8341927
45.85115,18.23475
45.8558845,18.2960726
45.8550079,18.2969814
46.0675968,18.187532
46.0741979,18.2156294
46.074702,18.221388
46.072517,18.224967
46.0750775,18.2234247
46.072783,18.224928
46.0725819,18.2253489
46.0725948,18.2273156
46.0735461,18.2294739
46.074112,18.229193
46.07347,18.2287
46.0744931,18.2274489
46.073401,18.231414
46.0713986,18.231252
46.07195,18.23179
46.0752607,18.2106464
46.075920000000004,18.220818
46.07874,18.220767
46.07667,18.2379557
46.1477959,18.1466062
46.0473662,18.28513
46.0483767,18.2848092
45.9969021,18.4547272
46.0506126,18.2811347
46.1360024,18.2526932
46.3571476,17.7844416
46.3566125,17.7900267
46.3566089,17.7912593
46.3568584,17.7964033
46.3565663,17.794492
46.3577106,17.7946283
46.3569808,17.7939018
46.3572819,17.7945664
46.1549,17.916483
46.3652829,17.7878319
46.254588,18.10613
46.252317,18.1064706
46.2557451,18.1056646
46.1907233,18.2626413
46.1908088,18.2605783
46.1586049,18.4213415
46.1582892,18.4226702
46.3749933,18.1298423
46.3759215,18.1300043
46.3757616,18.1311264
46.377935,18.1306179
46.3768532,18.1320838
46.4951089,18.4206119
45.8698638,18.4558954
45.9904949,18.6868599
45.991312,18.6901873
45.990973,18.690144
45.9917357,18.6918267
45.9916,18.69245
46.0875139,18.7585494
45.9495981,18.9316359
46.2268479,18.470456
46.2563285,18.4948256
46.1568809,18.6165343
46.2811221,18.4598307
46.2969678,18.5289041
46.2986689,18.5298659
46.3454294,18.5941042
46.189599,18.7248276
46.1900029,18.725004
46.3488711,18.7015821
46.3485854,18.7009012
46.3482398,18.7030351
46.3482309,18.7017825
46.3484045,18.7022221
46.3466357,18.7029533
46.3464356,18.7018325
46.3472785,18.703096
46.3503914,18.7020635
46.4077744,18.456207
46.4113286,18.5665098
46.4223782,18.7886134
46.4226991,18.7883061
46.4229811,18.7871734
46.4666519,18.8255621
46.52907,18.711737
46.1770509,18.9517048
46.1788535,18.9517269
46.1808104,18.9526472
46.1810156,18.9528348
46.17998,18.9527671
46.3496811,19.1214172
46.5259764,18.9781695
46.5265921,18.9775763
46.5265593,18.979464
46.5242967,19.2543348
46.2155141,19.378041
46.2147717,19.3786999
46.2977954,19.3228145
46.2978839,19.3268576
46.2978005,19.3266593
46.4289467,19.4800454
46.4286106,19.4799395
46.4298413,19.4798988
46.4307925,19.4810459
46.4294641,19.481667
46.2452784,20.0028529
46.1879464,20.0384188
46.2753595,20.0633825
46.4640509,19.8674585
46.4914729,19.7380486
46.4923873,19.7363055
46.4932805,19.7353829
46.494217,20.0647
46.9524007,16.2721861
46.9527083,16.2731515
46.9529542,16.273968
46.9553579,16.2708706
46.6247865,16.5411819
46.6226723,16.5382866
46.6226738,16.538331
46.6227975,16.5409252
46.6237229,16.544986
46.838573,16.4217984
46.8385171,16.4220189
47.0095335,16.6040448
47.0099877,16.6036929
47.0106884,16.6035235
47.0104974,16.6011833
47.08758,16.61472
47.1407964,16.5803688
47.1311678,16.7409233
47.3877998,16.5433329
47.2385395,16.60548
47.234571,16.618988
47.2311256,16.6236017
47.2303634,16.6207624
47.2337445,16.6230756
47.2332257,16.6210896
47.2323847,16.621244
47.2338203,16.6208964
47.2310284,16.6231375
47.2300092,16.6232948
47.23175,16.62545
47.2350599,16.6218413
47.4015436,16.7070293
47.3813294,16.7567272
47.3808132,16.7571062
47.604021,16.6977295
47.5936898,16.7349667
47.6898192,16.5146863
47.6847327,16.5798024
47.6812189,16.5838673
47.6867759,16.5922904
47.6832106,16.587875
47.6852366,16.5926225
47.6854536,16.5881228
47.6834991,16.592282
47.6838515,16.5925658
47.6909993,16.577237
47.687583,16.5901899
47.6768502,16.5956399
47.7214218,16.6500647
46.6483388,16.9232305
46.7304485,16.8465149
46.7669821,16.7864364
46.5872923,17.1223852
46.720334,17.010412
46.7269683,17.1064989
46.7096296,17.1687585
46.7693911,17.1720605
46.8627334,16.8007565
46.8408775,16.8331952
46.84107,16.84602
46.8404684,16.8456336
46.8416865,16.846641
46.8419885,16.8466583
46.8422731,16.8460359
46.8451805,16.8466982
46.8437998,16.8452054
46.8437192,16.8462739
46.843435,16.845918
46.84236,16.84604
46.8432324,16.8460035
46.7894422,17.1900469
46.7906,17.188625
46.876196,17.1116859
46.9454071,17.0791277
46.6908478,17.2947142
46.7605613,17.2420696
46.7656586,17.2416776
46.7680753,17.2469524
46.5801257,17.4127792
46.641783,17.583616
46.7494092,17.5584366
46.7491814,17.558212
46.7501891,17.5611257
46.9794636,17.2803987
46.9793561,17.2804939
46.9782864,17.2809425
46.9791655,17.2803585
46.8825868,17.439658
46.8824983,17.4400532
46.8829033,17.4399902
46.8061314,17.5155581
47.0499352,16.7990698
47.253225,16.9326532
47.2537183,16.9344387
47.2542189,16.935288
47.2579426,17.152756
47.2575152,17.1522264
47.2580486,17.1524767
47.104366,17.4369664
47.10565,17.56285
47.10575,17.562683
47.1065525,17.5622047
47.1068008,17.562595
47.1052064,17.5638905
47.1054977,17.5649443
47.105747,17.564883
47.1058149,17.5645821
47.2255215,17.5990666
47.315924,17.482324
47.3304508,17.4661256
47.3305461,17.4663304
47.3296473,17.467834
47.328382,17.467378
47.328698,17.468068
46.604226,17.6280755
46.7778825,17.6537017
46.7804697,17.700036
46.745761,17.746875
46.7294485,18.032953
46.8718457,17.6813927
46.9613606,17.8733952
46.962376,17.8775982
46.6328175,18.2817296
46.68075,18.438817
46.8344989,18.1021633
46.906217,18.053633
46.90581,18.05325
46.904874,18.0493508
46.9320969,18.2406005
46.9286747,18.2432533
46.8710363,18.4431559
46.9263895,18.245689
47.1315621,17.7544498
47.0930624,17.9108077
47.0919899,17.910829
47.0936994,17.9099156
47.0928468,17.9079195
47.0923929,17.9068809
47.0922544,17.9137736
47.0923056,17.9139874
47.0921201,17.9118883
47.0923787,17.912428
47.0948627,17.9171356
47.0286808,18.0143076
47.0294056,18.0141352
47.0297545,18.0128549
47.2635061,17.8714249
47.2615252,17.8702431
47.2616289,17.8744264
47.3790086,17.9770705
47.3685425,18.0278623
47.0369741,18.1081
47.1137276,18.1337431
47.2003358,18.1385934
47.2014266,18.1401164
47.201134,18.1416205
46.9927287,18.2456607
47.1491616,18.4335335
47.1874163,18.4130375
47.1892113,18.407018
47.1900012,18.4083223
47.1935481,18.4032446
47.1930962,18.4092112
47.1942614,18.4098025
47.1919995,18.4126652
47.194511,18.4141794
47.1900817,18.4117501
47.1919007,18.4135128
47.1915245,18.4112446
47.1917541,18.4123447
47.1977586,18.4101346
47.198078,18.4096254
47.1907307,18.41972
47.1902903,18.4182266
47.2644574,18.2758284
47.5049896,16.7831112
47.5854921,16.8797314
47.6195817,16.8635227
47.619123,16.862449
47.6191382,16.8626223
47.5983963,16.895211
47.4186562,17.0152487
47.5932415,17.0253209
47.5929813,17.0230374
47.5968588,17.0886752
47.7848674,17.134431
47.4985296,17.2332874
47.6110918,17.2479247
47.6112705,17.249082
47.6117154,17.2511931
47.6116986,17.2491323
47.501987,17.562414
47.7364566,17.3900992
47.6460627,17.4267469
47.7244197,17.4912451
47.626057,17.608797
47.7673042,17.5413165
47.9147624,17.1565425
47.8572526,17.276029
47.8665325,17.2721
47.8757441,17.2682523
47.8756507,17.2684831
47.8758915,17.2672106
47.8768923,17.268936
47.8761223,17.2707965
47.8762428,17.2711103
47.8765756,17.2713347
47.8780942,17.2704626
47.8786188,17.2720597
47.8785474,17.269113
47.8875994,17.3229668
47.96023,17.217188
47.850947,17.4274601
47.883529,17.4080923
47.489537,17.637737
47.5631596,17.7129585
47.5893472,17.6899887
47.5479089,17.7495158
47.5812373,17.7543545
47.4289,17.83025
47.431317,17.827947
47.5165853,17.8284598
47.5030034,18.0248677
47.5025189,18.0262902
47.5927531,18.001468
47.6690201,17.6511084
47.6690434,17.651403
47.6853541,17.6336686
47.6854682,17.6327101
47.6850491,17.6351925
47.6866957,17.634329
47.6867972,17.6333249
47.6855442,17.632634
47.684403,17.6359372
47.6855938,17.6372994
47.6945827,17.6290663
47.6873133,17.6314087
47.68766,17.6360837
47.690378,17.635905
47.6785042,17.6455205
47.6761747,17.643238
47.6756817,17.645055
47.6791256,17.6462457
47.6881599,17.6439927
47.6902512,17.6437379
47.6906837,17.6448397
47.698138,17.7393717
47.7092333,18.0145041
47.4882154,18.3166875
47.4886748,18.3165756
47.4855482,18.3118493
47.5780214,18.3872684
47.5804395,18.399803
47.5808261,18.4003803
47.5869449,18.3936692
47.5854704,18.3973241
47.5839255,18.3988125
47.5853605,18.396087
47.5850814,18.3964081
47.5849701,18.3961864
47.5831104,18.3986282
47.6183611,18.3778356
47.7457807,18.1190637
47.744323,18.1191006
47.7418312,18.1217259
47.7409064,18.1252323
47.7355676,18.1666185
47.6500814,18.3268131
47.651929,18.3246507
47.6511457,18.3244833
47.6510479,18.3245918
47.6499931,18.3260194
46.7539085,18.5532782
46.7706343,18.630384
46.6165888,18.8416872
46.6234231,18.8569791
46.6243341,18.859743
46.6230399,18.8572363
46.622197,18.856723
46.62405,18.8583
46.624514,18.863106
46.6256441,18.8633159
46.6261103,18.8645028
46.8320899,18.8286321
46.9558665,18.8538781
46.7402905,18.9656864
46.69479,19.027394
46.6209492,19.2846359
46.6199,19.284309
46.6215875,19.2873051
46.8061054,18.925908
46.8058428,18.9238247
46.8061494,18.924013
46.8059821,18.9227876
46.801872,19.0040105
46.80276,19.0007718
46.9647419,18.9395698
46.9650662,18.9389922
46.9638344,18.9374684
46.9636104,18.9407022
46.8765433,19.2215069
46.8757384,19.2222955
46.9573605,19.2878447
47.044459,18.6425731
47.1362354,18.7649521
47.1198341,18.8655019
47.1892229,18.7933051
47.2063189,18.6264503
47.2880478,18.6533091
47.3913839,18.4645705
47.2387312,18.6735419
47.3137,18.7874064
47.375575,18.845682
47.4088682,18.8322255
47.0189608,19.0371207
47.1583112,18.944115
47.1589402,18.9447257
47.1636841,18.9452586
47.1797285,19.00166
47.027113,19.122324
47.02747,19.12267
47.2493942,18.901488
47.3162392,18.9094808
47.3162781,18.9095553
47.317742,18.9075564
47.323023,18.96569
47.3778226,18.9198053
47.3778409,18.9199282
47.3777555,18.9195312
47.3781402,18.9230906
47.3783668,18.9239039
47.3780204,18.9223127
47.3788426,18.9246046
47.3784458,18.9245604
47.3782727,18.9234956
47.3793294,18.9244544
47.3594783,18.986671
47.3388626,19.0360153
47.3462264,19.0413636
47.3423303,19.0409948
47.3446137,19.0417193
47.3426243,19.040479
47.343879,19.0413144
47.3354332,19.0661485
47.3821514,19.0268421
47.3821221,19.0267382
47.4061049,19.0157809
47.4071991,19.0183665
47.4071005,19.0175458
47.4075054,19.0180013
47.4064371,19.0164894
47.4070014,19.018168
47.4060448,19.0158479
47.22245,19.149067
47.292423,19.2274652
47.2929213,19.2271529
47.353944,19.0912378
47.3547527,19.0920352
47.311983,19.168517
47.3987213,19.1145051
47.3993277,19.1143307
47.4039079,19.18581
47.4037096,19.1860415
47.4043107,19.1861783
47.38155,19.214917
47.38225,19.2128
47.3778205,19.2201514
47.3878284,19.213372
47.406088,19.264888
46.5796576,19.3905725
46.5812143,19.3899798
46.6163852,19.4779484
46.8008366,19.3585606
46.8015056,19.3590313
46.9042743,19.6893326
46.9072916,19.6901379
46.9050475,19.6902901
46.9053755,19.6921427
46.9053722,19.6910423
46.9038272,19.6903096
46.9098064,19.6932991
46.9087024,19.6892273
46.9089721,19.6933483
46.9076716,19.6891927
46.910238,19.6944142
46.909144,19.6985512
46.9092921,19.6938671
46.763414,19.7518619
46.712869,19.8494965
46.7115311,19.8479713
46.7112637,19.8492016
46.8865169,20.1213822
46.9309204,20.0961113
46.9321248,20.0957945
46.932259,20.095842
47.0779527,19.3744194
47.033541,19.45455
47.034954,19.458252
47.066987,19.496225
47.1888631,19.3244899
47.171567,19.413617
47.024614,19.560506
47.2543429,19.3288034
47.261232,19.5017181
47.3844196,19.3477178
47.3506949,19.4458185
47.36985,19.530383
47.0340894,19.779498
47.0330246,19.7834775
47.1711475,19.7975628
47.1713956,19.7977741
47.1698028,19.7947012
47.1708864,19.7987439
47.17045,19.799367
47.1190602,19.9325508
47.1889999,20.0043821
47.2914158,20.072732
47.3691563,19.9961434
47.4906636,18.6331282
47.4907734,18.635871
47.4923285,18.6337363
47.4914159,18.6370081
47.592752,18.6446994
47.4712509,18.824522
47.4740062,18.8377911
47.6555988,18.5980579
47.7499497,18.4867297
47.7283419,18.5558989
47.7617037,18.5467659
47.7615111,18.5505781
47.7610356,18.5539016
47.7431529,18.6483637
47.7196431,18.7290684
47.7197778,18.7287098
47.7177701,18.7326704
47.7168984,18.7338058
47.633968,18.8268094
47.7917715,18.7416362
47.7916139,18.7419546
47.7918776,18.7416659
47.7936696,18.7417472
47.7936165,18.7425602
47.7929857,18.7410348
47.8178706,18.8640764
47.4131217,18.8833115
47.4133008,18.8823336
47.4328082,18.9184402
47.4642438,18.8945375
47.4546695,18.9441307
47.4603835,18.9427154
47.4601237,18.9534876
47.4600998,18.9532137
47.4606223,18.958589
47.4606526,18.9588825
47.4606986,18.9591692
47.4611465,18.9627625
47.4608657,18.9603662
47.5125752,18.9310105
47.5124085,18.9316894
47.5125559,18.9318233
47.510961,18.9301893
47.4643762,19.024943
47.4641477,19.0309915
47.4265667,19.0385149
47.4354118,19.0416243
47.435575,19.0407122
47.4236107,19.067403
47.4270532,19.0704527
47.4269515,19.0703078
47.4271784,19.0705734
47.4266228,19.0696738
47.4252814,19.0697733
47.4254165,19.0697824
47.4340402,19.0704741
47.4339283,19.0706117
47.4554698,19.0401191
47.4640377,19.0333621
47.4644451,19.042685
47.4666341,19.0055294
47.4656199,19.0065482
47.4875298,19.0074743
47.4903844,19.0234655
47.4904291,19.0248164
47.4904034,19.022552
47.4904907,19.0210677
47.4906125,19.0223715
47.5161565,19.0001274
47.5164878,18.9996032
47.5164403,18.999906
47.4913665,19.0115132
47.495418,19.018574
47.4959965,19.0198338
47.491059,19.023852
47.4907377,19.0192966
47.4909895,19.0225486
47.4979132,19.0284439
47.5091171,19.024826
47.5061203,19.0234583
47.509409,19.0266395
47.5077247,19.0272394
47.507909,19.0274848
47.5073207,19.0265246
47.5093774,19.0266949
47.5087419,19.0271362
47.5087339,19.0255002
47.508829,19.0255149
47.5084829,19.0258551
47.5082766,19.0262936
47.472654,19.0323733
47.474168,19.0377733
47.4744575,19.0387242
47.4743657,19.0462132
47.475096,19.0490968
47.4749836,19.0491155
47.4748341,19.0491468
47.4747501,19.0493363
47.4789992,19.0392133
47.4779403,19.0483511
47.478544,19.0488768
47.4787543,19.0493592
47.4790364,19.0515521
47.4701347,19.0600097
47.4750982,19.0714085
47.4718422,19.0720363
47.4750873,19.0712973
47.4729928,19.0711113
47.48196,19.0686893
47.4822269,19.0688138
47.4900256,19.0621995
47.4895506,19.0623126
47.4893521,19.0609138
47.4850411,19.060301
47.4895304,19.0702679
47.4854913,19.0695016
47.4861395,19.070453
47.485429,19.074526
47.4853169,19.0721206
47.4962259,19.0515295
47.4925396,19.0549489
47.4917119,19.0541573
47.4962727,19.0521891
47.4974867,19.050296
47.5026943,19.0508348
47.4996743,19.0493477
47.4975352,19.050751
47.5027806,19.0519158
47.4994235,19.0550751
47.4976547,19.0556418
47.498583000000004,19.0550662
47.501243,19.0528434
47.4992733,19.0535139
47.505759,19.0368824
47.5078272,19.0357587
47.5113047,19.0324842
47.5138245,19.0366082
47.5118869,19.0365648
47.5074876,19.0495898
47.5057266,19.0489823
47.5052991,19.048458
47.5052169,19.0508204
47.5097458,19.0548273
47.5044448,19.0546851
47.5099593,19.0548266
47.5069974,19.0522609
47.5043757,19.0546253
47.5052365,19.0513454
47.5045366,19.0546857
47.5091598,19.0547774
47.5056229,19.05175
47.5128826,19.0481477
47.5105985,19.0471886
47.5116127,19.0517789
47.5109784,19.0549004
47.5120033,19.0520157
47.5121059,19.0565543
47.5104801,19.0548105
47.5108164,19.0540212
47.494039,19.0605734
47.4958994,19.0594497
47.4971949,19.070089
47.4969456,19.069131
47.4923803,19.0707863
47.4951152,19.0706533
47.4973395,19.070241
47.5035383,19.0658151
47.5012175,19.0827404
47.5061203,19.0617777
47.5047267,19.063669
47.5051203,19.0640461
47.5048401,19.0631652
47.5101388,19.0588709
47.5138451,19.0600967
47.5141428,19.0581226
47.5142072,19.0581847
47.5138736,19.0600676
47.5139298,19.0589817
47.5135088,19.059491
47.5129614,19.058291
47.5128853,19.0582266
47.5100443,19.077416500000002
47.5109092,19.0712143
47.5380241,18.9659854
47.5375984,18.9666195
47.5637197,18.9620706
47.6081268,18.9015079
47.6202044,18.9119012
47.6210989,18.9111089
47.6190233,18.912444
47.5920281,18.9379404
47.592225,18.9381146
47.5931161,18.938579
47.5984814,18.9613926
47.5223527,19.0176806
47.5200643,19.0222393
47.5465578,19.0281941
47.5467082,19.0274341
47.5437318,19.0285791
47.543934,19.028528
47.546587100000004,19.0282729
47.5465413,19.0280419
47.5251403,19.0371765
47.5286291,19.0324189
47.5271429,19.0380644
47.5248978,19.0375325
47.5298116,19.0391348
47.5289302,19.0382215
47.5261458,19.0383191
47.5272698,19.0387255
47.5192003,19.0517976
47.5188997,19.0534453
47.5318595,19.03894
47.5413499,19.0419186
47.540733,19.042649
47.542036,19.0421849
47.5410978,19.0418537
47.52134,19.06326
47.5195756,19.0615344
47.5249886,19.0638071
47.5251854,19.0629472
47.5269691,19.0639625
47.5279758,19.0651489
47.5294607,19.0650443
47.528984,19.079564
47.5351559,19.0608608
47.535483,19.068256
47.5322198,19.0652627
47.5370634,19.060343
47.5360287,19.0773886
47.5323705,19.0815887
47.5447244,19.0451927
47.55984,19.0495548
47.548197,19.073407
47.5445489,19.0719684
47.5472801,19.0730155
47.5503404,19.0730598
47.5501678,19.0728964
47.5505463,19.0731619
47.5572372,19.0771968
47.6072527,18.9910999
47.5986587,19.0130634
47.5972869,19.0560065
47.5977157,19.0566395
47.4363647,19.1002208
47.4362774,19.1000581
47.4381437,19.1039716
47.4383324,19.1036566
47.43949,19.10527
47.4386606,19.1048366
47.4192164,19.1564191
47.4567882,19.1478953
47.4558395,19.145969
47.4577197,19.1440323
47.4580831,19.1439537
47.4631337,19.1454877
47.4629946,19.1457459
47.4625671,19.1484467
47.4624983,19.1475121
47.4542815,19.1518425
47.4443841,19.1752514
47.4466903,19.1696169
47.4466228,19.1712275
47.444827,19.1753108
47.4468277,19.1705743
47.4430067,19.1783208
47.479842,19.101513
47.4833749,19.1294074
47.4838338,19.1295427
47.4841055,19.129867
47.4844233,19.1309513
47.498758,19.0930739
47.4997859,19.1069251
47.5009439,19.1084556
47.5145422,19.0957341
47.5111622,19.0980869
47.5104641,19.0978821
47.5107493,19.0975842
47.5030726,19.1186276
47.5033855,19.1191057
47.5033621,19.1188387
47.5023928,19.1372356
47.50261,19.13698
47.5031579,19.1402565
47.5029785,19.1371746
47.50289,19.1414438
47.5041418,19.1390058
47.5044812,19.1388393
47.5041924,19.1388161
47.4164571,19.2484119
47.4129266,19.2659724
47.4123998,19.2677095
47.5102723,19.1912364
47.5099467,19.1905888
47.5108193,19.1912903
47.5108373,19.1914778
47.5106889,19.19129
47.4767,19.26553
47.4799738,19.2531894
47.4801518,19.2551557
47.4791915,19.2561327
47.4791939,19.2568227
47.4791989,19.2569496
47.5195361,19.1111311
47.5205628,19.1131825
47.5214384,19.1153831
47.5216396,19.1154699
47.5417621,19.1222891
47.538594,19.135927
47.5597916,19.0893309
47.5605017,19.0861243
47.5606542,19.0887026
47.5603845,19.0887153
47.5605023,19.086531
47.5604416,19.0879312
47.5611744,19.1069456
47.5617778,19.1060056
47.560984500000004,19.106918
47.52271,19.1380416
47.5414733,19.1426917
47.5225325,19.1697053
47.5436335,19.1391502
47.5449226,19.1385036
47.5510578,19.1400852
47.550798,19.1397555
47.5531609,19.1409516
47.6065186,19.1159083
47.5406888,19.2434395
47.5456263,19.2586502
47.546019,19.262817
47.61104,19.1937887
47.6139977,19.1957139
47.6183769,19.1945719
47.60134,19.24264
47.6703763,18.8870347
47.6457608,19.0205654
47.6442186,19.0300732
47.6451356,19.0684799
47.6590619,19.0759082
47.6640579,19.0763314
47.6655467,19.0779462
47.665793,19.0778756
47.6676486,19.0753915
47.667659,19.0761954
47.7857229,18.9686659
47.630733,19.128533
47.6318952,19.128776
47.631433,19.12905
47.6307258,19.1285027
47.6324694,19.1291751
47.6308211,19.1285559
47.6385567,19.1293727
47.6418541,19.1266856
47.6418849,19.1258836
47.678797,19.1335919
47.6898363,19.134112
47.7178435,19.0896548
47.6536763,19.287875
47.6550111,19.2866162
47.7542054,19.0870588
47.7786707,19.1282332
47.7771674,19.1276799
47.77886,19.128784
47.7781023,19.1301288
47.7793018,19.12897
47.7808071,19.1308053
47.7816262,19.1316935
47.9075663,19.04958
47.9291624,19.1380254
47.9281768,19.1370731
47.997107,19.1978846
47.4598794,19.3325946
47.4236541,19.3916912
47.4215064,19.3928204
47.4433913,19.351533
47.490951,19.3421501
47.5998679,19.3455339
47.5978235,19.3463509
47.5996741,19.3462538
47.5983053,19.3467875
47.5980039,19.3465691
47.5997066,19.3463801
47.5991423,19.3487484
47.601887,19.3477715
47.5980966,19.3471027
47.5329,19.399542
47.4491323,19.6951521
47.5173315,19.5403573
47.562214,19.5045735
47.6699543,19.3075336
47.6351304,19.4803378
47.6520539,19.4755225
47.6515223,19.4810553
47.6510364,19.4783738
47.6319754,19.5148591
47.6675793,19.6816489
47.6681781,19.6815136
47.6679032,19.6815264
47.7098362,19.6366101
47.7380286,19.6778022
47.4175938,19.7413702
47.416674,19.7428903
47.4162895,19.7401024
47.5008329,19.9140174
47.5002202,19.9140883
47.5005475,19.9150561
47.5023439,19.9126312
47.553933,19.796467
47.71875,19.892033
47.6851367,19.9279137
47.7834459,19.9242994
47.7839921,19.9249255
47.7834106,19.9254124
47.7828854,19.9270319
47.7851743,19.9246983
47.783517,19.926467
47.7810384,19.9237141
47.78513,19.9260996
47.81866,19.93443
47.801083,20.003633
47.9201574,19.6974389
48.0794177,19.2948941
48.0797708,19.2959335
48.0801209,19.2969408
48.0830319,19.5217703
48.017845,20.103474
48.1029017,19.8063358
48.1045479,19.808066
48.1042805,19.8061309
48.1064418,19.8092087
48.1042474,19.8071188
48.105648,19.8079066
48.10453,19.8089
48.107234,19.8096709
46.2509587,20.1452185
46.2482669,20.1446839
46.2549044,20.1367281
46.2548657,20.1373678
46.2575768,20.1445612
46.2559308,20.1425823
46.2483205,20.1469585
46.2514391,20.1459945
46.2524497,20.1470153
46.2524118,20.1489485
46.2527932,20.1479339
46.2531146,20.1471731
46.2534452,20.1501435
46.2551443,20.1498995
46.2521342,20.1473445
46.2522489,20.1482455
46.2548035,20.1483696
46.2568372,20.1468149
46.235878,20.1728415
46.2684037,20.1382559
46.2158778,20.4794197
46.2154364,20.4763817
46.2147774,20.4757905
46.4142526,20.3164209
46.4148961,20.318277
46.4152955,20.3173167
46.4145559,20.3200633
46.4157837,20.3181678
46.415216,20.3182674
46.415462,20.3271873
46.4146267,20.3245094
46.4173072,20.3206899
46.5248214,20.1910908
46.243968,20.7221331
46.3216026,20.7353796
46.3132316,20.8178498
46.3136206,20.8162142
46.312835,20.8210341
46.4106109,20.7349302
46.5582344,20.669121
46.5566148,20.6676429
46.5565436,20.6677094
46.5574677,20.6660803
46.5608332,20.6670751
46.5609341,20.6663989
46.406268,20.918589
46.4067684,20.9235239
46.5430237,20.8865224
46.5283602,21.2524803
46.530233,21.2528188
46.6517588,20.2642906
46.7102074,20.1510654
46.582029,20.4838059
46.581733,20.4905
46.8400521,20.2843607
46.8381554,20.2835147
46.8723792,20.4842194
46.8621004,20.5507285
46.8623685,20.5491822
46.8627439,20.5483207
46.8627197,20.5484416
46.904017,20.38365
46.6716411,20.6740616
46.6720761,20.6728066
46.9320795,20.7742524
47.029245,20.141326
47.018637,20.279626
47.1209204,20.2115479
47.178017,20.1780928
47.1775931,20.1777032
47.1939503,20.1815305
47.175623,20.190881
47.1751095,20.1926053
47.1750002,20.1927705
47.1752598,20.1931136
47.1740508,20.1934093
47.1742551,20.1934851
47.1768799,20.1861453
47.1784088,20.4066514
47.1776935,20.4055113
47.1796528,20.4118681
47.1798472,20.4126957
47.2974056,20.25788
47.3958717,20.433663
47.0016496,20.6219591
47.000597,20.6251158
47.1019163,20.7440392
47.0282252,20.9583159
47.249716,20.674784
47.2176176,20.7571991
47.2159179,20.7578017
47.318554,20.9225081
47.3174123,20.925469
47.319446,20.922201
46.5957319,21.0278143
46.6777931,21.093612
46.6774786,21.0930183
46.6777879,21.0928902
46.6767647,21.0921178
46.7608255,20.978892599999998
46.6783343,21.0942631
46.6814605,21.0958174
46.678202,21.094334
46.6804219,21.098637
46.6795265,21.097926
46.6802111,21.0987459
46.6794234,21.0976417
46.6781901,21.0962063
46.67968,21.09908
46.7723662,21.1319952
46.6451378,21.2785449
46.6450747,21.2762799
46.6450977,21.2770411
46.6453053,21.2766109
46.736768,21.2429894
46.7444638,21.3836161
46.7451283,21.3858954
46.8242793,21.0287018
46.8821162,21.0273999
46.872281,21.183685
46.9225728,21.4879528
46.9700866,21.5974349
47.0164573,21.1757318
47.0174789,21.1758726
47.0204274,21.1773797
47.0317209,21.2955926
47.1069367,21.2127081
47.203683,20.997217
47.3174623,21.1167476
47.3171371,21.1177619
47.2120994,21.2328174
47.2126328,21.2357262
47.287989,21.364181
47.0015153,21.488001
47.0620563,21.6801018
47.1294238,21.7172041
47.129367,21.7159931
47.186279,21.795845
47.2217301,21.5358272
47.2207576,21.5361666
47.2235649,21.5357414
47.237683,21.619933
47.234151,21.66285
47.3178712,21.6723732
47.4056374,21.6294619
47.5132391,20.1390378
47.5139115,20.1416938
47.59462,20.287863
47.5941965,20.2870694
47.4955858,20.4962379
47.6427437,20.1894668
47.655306,20.3413431
47.6874657,20.3140335
47.746259,20.5172805
47.4768018,20.5929926
47.5583574,20.7196129
47.6211271,20.7550458
47.6167238,20.7600343
47.6174541,20.7573855
47.6186579,20.7569383
47.4277517,20.7939743
47.645714,20.6529529
47.8095233,20.5706067
47.8069595,20.5655849
47.807596,20.5671007
47.8081387,20.5674524
47.6264011,20.8917773
47.9318027,20.1971747
47.8707951,20.3260152
48.026655,20.259531
47.9007528,20.3674156
47.9010656,20.3748001
47.9004658,20.3750951
47.9002091,20.3703929
47.8994199,20.3689653
47.8988874,20.3702755
47.9008734,20.3770919
47.9026084,20.3763879
47.901992,20.381146
47.9012787,20.375608
47.9041025,20.3735552
47.9357567,20.4758831
47.958224,20.50293
47.944475,20.5357488
48.09205,20.305983
48.1218568,20.2462583
48.2193708,20.284373
48.0569138,20.3516197
48.0994602,20.3908599
48.1018659,20.6905334
48.1007704,20.6910289
48.17005,20.64275
48.2463598,20.6161108
48.2462914,20.6160317
48.249154,20.619382
48.1766655,20.7395764
48.2187562,20.7114443
48.0900127,20.7740865
48.0821395,20.7782224
48.1029032,20.7804122
48.1034711,20.7775236
48.1002433,20.7870487
48.1024988,20.7820043
48.1042648,20.7842413
48.102411,20.785648
48.1073162,20.7876893
48.1029158,20.7926813
48.1035709,20.7919728
48.102901,20.79074
48.1062191,20.7893568
48.1023583,20.7915036
48.114337,20.790467
48.1089755,20.8354878
47.4292622,21.1616901
47.5827616,21.1508345
47.6965926,20.9894679
47.8240033,21.2315315
47.444973,21.391345
47.5977099,21.5781045
47.5298614,21.6254523
47.5264131,21.626772
47.5276157,21.6255623
47.5279083,21.6261821
47.5302367,21.6170428
47.5313232,21.6224281
47.5321726,21.6250673
47.5343147,21.6255393
47.532262,21.626569
47.5319984,21.6249964
47.5315169,21.6233699
47.5327189,21.6260466
47.5322909,21.6268431
47.5348193,21.6248195
47.5416088,21.6161563
47.5420195,21.6246249
47.532159,21.626981
47.5544948,21.6204215
47.5553291,21.6204297
47.5430395,21.6538906
47.6737269,21.5079897
47.6695991,21.5089452
47.6432509,21.6601743
47.7985568,21.6823554
47.7989066,21.6832405
47.93074,21.0339812
47.934746,21.03587
47.931381,21.0356735
47.9334127,21.0347278
47.8728294,21.1132721
47.9556821,21.3593274
47.9575595,21.3566339
47.9560739,21.3592699
47.9568048,21.358285
48.1633343,21.19985
48.1634281,21.1998412
47.8430834,21.4289175
47.8435856,21.4315915
47.8446305,21.4296059
47.8467645,21.4298059
47.846779,21.4295005
48.0129918,21.6257861
47.9519492,21.7093391
47.9521872,21.7154929
47.9557564,21.7176197
47.9550342,21.7171705
47.9589967,21.7087934
47.9563607,21.7166823
47.957661,21.7143087
47.9576462,21.717576
47.9584536,21.7174031
47.95656,21.7172975
47.9566804,21.7162886
47.9646023,21.7143105
47.9720567,21.7124617
47.973822,21.7152895
47.9713109,21.7267965
47.9549937,21.8030788
48.125057,21.409463
48.121339999999996,21.471255
48.1647712,21.5766575
48.198496,21.531624
48.1044775,21.653031
48.0743695,21.8000513
47.247198,21.825006
47.6941088,22.0463926
47.874943,21.848268
47.8752824,21.8445547
48.0040099,21.8778805
47.835715,22.1309169
47.997122,22.07737
47.9978893,22.0760708
48.1107361,21.8172571
48.1394365,22.1095083
48.2240344,22.0787705
48.2224793,22.0789321
48.2251717,22.0787145
47.8663,22.3913
47.8661314,22.3918171
47.9542226,22.3201978
47.9519443,22.3172247
47.9532406,22.3176715
47.9535834,22.323361
47.9547473,22.3234788
47.9886838,22.5139634
47.9895166,22.5147598
48.1171509,22.2329652
48.1290618,22.3168938
48.1026057,22.5268267
48.1993573,22.5252425
47.8357428,22.6820716
48.0975445,22.8170049
48.2944,20.434733
48.2518297,20.6221019
48.2517338,20.6220251
48.2519341,20.6222044
48.2553297,20.6255516
48.2850267,20.6554433
48.2956175,20.7369692
48.2955714,20.7375961
48.448359,20.73769
48.344882,20.870924
48.5375422,20.7329941
48.3326197,21.1139503
48.282831,21.450527
48.321303,21.567577
48.3199192,21.5669539
48.3207827,21.5676899
48.3205215,21.5668511
48.3146918,21.7911449
48.39418,21.6562292
48.3947595,21.6561873
48.3949077,21.6551414
48.3969428,21.6545714
48.263667,21.891567
48.3219564,22.1866831
48.4030259,22.1780487
48.402897,22.1782578
48.4026317,22.1807822
46.2303645,17.3620875
46.3919958,17.5085044
46.0481893,17.7990816
46.0477965,17.8026604
45.9386171,18.3623842
45.9587579,18.0931661
45.9502057,18.2375551
46.0466735,18.2226391
46.0754149,18.2218206
46.0766815,18.2261017
46.1341495,18.3256764
46.357062,17.7936277
46.304872,18.1307719
46.3483552,18.2281934
46.1902208,18.2653287
46.2738042,18.3780649
46.379053,18.1370758
46.0413594,18.9020891
46.1835949,18.9528877
46.3402067,19.0521765
46.5239261,19.2526898
46.5242246,19.2543329
46.2780644,19.4921245
46.1959231,19.6080281
46.2167405,19.8857976
46.2896135,19.7463159
46.2736934,19.8892964
46.2743766,20.0637595
46.3426111,20.0403908
46.3627635,20.0980839
46.5674561,19.761539
46.8466624,16.5846974
47.2829011,16.5958251
47.4570668,16.679334
47.6872488,16.5913884
47.6871508,16.5912853
47.6911114,16.5772724
46.8412552,16.8448669
46.7881166,16.9305574
46.7903013,17.1821051
46.7054779,17.3701405
47.0502853,16.7979153
47.1649185,17.0446821
47.1238737,17.162366
47.16339,17.2723213
47.3308737,17.4647011
47.3299205,17.4661102
46.7781571,17.6546735
46.7772186,17.6527161
46.7779436,17.6539704
46.7283733,18.0294711
46.7310398,18.0340187
46.7869188,17.6942838
46.7880766,17.6976353
46.9143407,17.6738778
46.9821546,17.6962139
46.8482802,17.878084
46.9577951,17.8892798
47.008192,17.7870959
47.0944172,17.9073249
47.0918708,17.9130095
47.1011218,17.8937918
47.3902561,17.8013035
47.0179807,18.2094487
47.1377015,18.2396986
47.3706781,18.2052359
47.3718592,18.2081718
47.3726085,18.2079038
47.3739454,18.2128514
47.6190903,16.8570582
47.5984049,16.8952333
47.4660461,17.1004253
47.7867164,17.1387707
47.5159688,17.5122754
47.6304787,17.3604661
47.8261752,17.4949244
47.8767063,17.2689255
47.8615772,17.3239729
47.9984882,17.2003962
47.9420882,17.3667425
47.8628411,17.4646356
47.5811753,17.7543895
47.613936,17.798155
47.4950946,17.8480865
47.6636777,17.6338457
47.6633548,17.6614975
47.6852583,17.6324441
47.6809189,17.6373229
47.6869758,17.6370596
47.7324621,17.8236398
47.4916522,18.2489601
47.5475028,18.3295726
47.7337197,18.334319
46.6248925,18.8610469
46.7141166,19.2632957
46.9642902,18.9383398
46.9636534,18.936671
46.8192011,19.2375804
47.029095,18.5217004
47.1508044,18.8278072
47.2075591,18.6282095
47.2371928,18.655079
47.3169403,18.7863804
47.2334721,18.9291452
47.4096434,18.9505238
47.3456668,19.0399331
47.3008552,19.2314338
47.354673,19.0879518
47.354604,19.088589
47.3436418,19.2389908
47.4066926,19.2659922
46.9348469,19.4807079
47.3854897,19.3441296
47.281322,19.541764
47.2852589,19.5454957
47.2448709,19.6123095
47.2450821,19.6163458
47.2932973,19.8396975
47.3394897,19.7486082
47.3321552,19.8750506
47.3377391,19.9503256
47.3709732,20.0912393
47.6740816,18.6805305
47.7933565,18.7421818
47.7845634,18.8743554
47.4431082,18.9120152
47.4260302,19.0387063
47.5013892,19.0229758
47.5109224,19.0293396
47.4781831,19.049986
47.4705227,19.0839617
47.4786119,19.0677566
47.4787728,19.0676292
47.5038759,19.0454886
47.5050536,19.0542648
47.4961375,19.0698041
47.4960753,19.0702875
47.5761854,18.8834764
47.5191586,19.061479
47.6188957,19.0469663
47.462818,19.1299218
47.4629901,19.1288551
47.4633319,19.1284092
47.4704755,19.0853568
47.4336062,19.2015266
47.547026,19.2243651
47.6014289,19.2427256
47.6484957,19.0200519
47.7636875,18.9102604
47.7926886,18.9618931
47.7946713,19.0358852
47.7190606,19.1823469
47.6548523,19.2882416
47.73273,19.1501748
48.0376525,19.1707244
47.4440357,19.3209106
47.421705,19.392399
47.6004463,19.3478902
47.4512456,19.5345781
47.611776,19.5992393
47.6707548,19.5349381
47.9678385,19.3491076
47.919815,19.6986317
47.9207437,19.6987673
48.0792675,19.2954717
48.0811819,19.521016500000002
47.9893445,19.8303118
47.9322118,20.1049181
48.1082587,19.8073153
46.2561046,20.1946035
46.4067167,20.9206919
46.2854796,21.0184938
46.2863447,21.0197153
46.5859423,20.2248376
46.6517644,20.2611484
46.6512932,20.2614826
46.7597863,20.7977003
46.9397954,20.8323981
47.1758012,20.1911817
47.1798278,20.3047457
46.7616237,21.0408412
46.7710184,21.1298479
46.644948,21.2717435
46.9590607,21.0827993
47.0188136,21.1763645
47.3572666,21.2725618
47.0013244,21.4887563
47.0195344,21.5923697
47.19074,21.445098
47.1293506,21.7159618
47.3499231,21.566874
47.3490843,21.5671811
47.3924521,21.7306635
47.396862,21.7719965
47.7737405,20.6596919
47.9056413,20.5321135
48.2194761,20.2815803
48.2186866,20.2867343
48.0925543,20.8063694
48.1002539,20.7867627
48.1073511,20.8532442
48.1979009,20.9315438
47.4463647,21.393861
47.4464913,21.3942618
47.6711044,21.5086006
47.8183915,21.5002962
47.816452,21.5009708
47.6823663,21.6688416
47.7128821,21.6742074
47.8001115,21.6829399
47.9316141,21.0383233
48.0360416,21.0648165
48.0178433,21.3765174
48.015445,21.374218
48.1299678,21.3449613
47.9548268,21.7182168
47.953187,21.7161591
47.9518076,21.715334
47.9524105,21.7223344
48.1038425,21.6524004
48.1272757,21.7127808
47.3825496,21.8944268
47.6939912,21.9045731
47.7691023,21.8646878
47.7694465,22.1491068
47.9449694,21.870353
48.0183414,21.961299
47.9983207,22.1672372
48.0423884,21.991306
48.2236303,22.0790268
48.2236277,22.0765139
48.2217652,22.0793089
48.2205778,22.0801466
47.9039136,22.3344997
47.9695415,22.2457103
47.9549051,22.3226326
47.9708198,22.4526489
47.8355193,22.6826574
48.2942602,20.4382723
48.4719216,20.9690729
48.4720588,21.5095169
48.3268682,21.9707822
46.763918,17.2429789
47.0939771,17.9062633
47.5036057,19.0520314
47.5043847,19.0521248
48.0775517,19.2914865
