Country_ID,NUTS_ID,Sector_ID,ets_emis_t,type,major
AT,AT11,C23,7282,"Home-market, low-trade (CBAM ~neutral)",TRUE
AT,AT12,C19-C20,2626187,"Home-market, import-protected (CBAM shields)",TRUE
AT,AT12,C23,1033123,"Home-market, low-trade (CBAM ~neutral)",TRUE
AT,AT21,C23,377774,"Home-market, low-trade (CBAM ~neutral)",TRUE
AT,AT22,C23,672294,"Home-market, low-trade (CBAM ~neutral)",TRUE
AT,AT22,C24,3090403,"Home-market, low-trade (CBAM ~neutral)",TRUE
AT,AT31,C19-C20,896102,"Home-market, import-protected (CBAM shields)",TRUE
AT,AT31,C23,937935,"Home-market, low-trade (CBAM ~neutral)",TRUE
AT,AT31,C24,8752298,"Home-market, low-trade (CBAM ~neutral)",TRUE
AT,AT32,C23,370529,"Home-market, low-trade (CBAM ~neutral)",TRUE
AT,AT33,C23,470976,"Home-market, low-trade (CBAM ~neutral)",TRUE
AT,AT33,C24,31555,"Home-market, low-trade (CBAM ~neutral)",TRUE
AT,AT34,C23,4107,"Home-market, low-trade (CBAM ~neutral)",TRUE
BE,BE21,C19-C20,11506747,"Home-market, low-trade (CBAM ~neutral)",TRUE
BE,BE21,C23,223394,"Home-market, low-trade (CBAM ~neutral)",TRUE
BE,BE21,C24,383155,"Home-market, low-trade (CBAM ~neutral)",TRUE
BE,BE22,C19-C20,160614,"Home-market, low-trade (CBAM ~neutral)",TRUE
BE,BE22,C23,122166,"Home-market, low-trade (CBAM ~neutral)",TRUE
BE,BE22,C24,111933,"Home-market, low-trade (CBAM ~neutral)",TRUE
BE,BE23,C19-C20,345864,"Home-market, low-trade (CBAM ~neutral)",TRUE
BE,BE23,C23,59353,"Home-market, low-trade (CBAM ~neutral)",TRUE
BE,BE23,C24,3690181,"Home-market, low-trade (CBAM ~neutral)",TRUE
BE,BE25,C19-C20,35815,"Home-market, low-trade (CBAM ~neutral)",TRUE
BE,BE25,C23,107743,"Home-market, low-trade (CBAM ~neutral)",TRUE
BE,BE25,C24,16947,"Home-market, low-trade (CBAM ~neutral)",TRUE
BE,BE31,C24,47627,"Home-market, low-trade (CBAM ~neutral)",TRUE
BE,BE32,C19-C20,503838,"Home-market, low-trade (CBAM ~neutral)",TRUE
BE,BE32,C23,2479040,"Home-market, low-trade (CBAM ~neutral)",TRUE
BE,BE32,C24,393441,"Home-market, low-trade (CBAM ~neutral)",TRUE
BE,BE33,C19-C20,63210,"Home-market, low-trade (CBAM ~neutral)",TRUE
BE,BE33,C23,1576826,"Home-market, low-trade (CBAM ~neutral)",TRUE
BE,BE33,C24,106591,"Home-market, low-trade (CBAM ~neutral)",TRUE
BE,BE34,C23,368036,"Home-market, low-trade (CBAM ~neutral)",TRUE
BE,BE35,C19-C20,351463,"Home-market, low-trade (CBAM ~neutral)",TRUE
BE,BE35,C23,781112,"Home-market, low-trade (CBAM ~neutral)",TRUE
BG,BG31,C19-C20,3271,Export-exposed (CBAM no help abroad),FALSE
BG,BG31,C23,858645,"Home-market, low-trade (CBAM ~neutral)",FALSE
BG,BG32,C19-C20,0,Export-exposed (CBAM no help abroad),FALSE
BG,BG32,C23,78759,"Home-market, low-trade (CBAM ~neutral)",FALSE
BG,BG33,C19-C20,1446948,Export-exposed (CBAM no help abroad),FALSE
BG,BG33,C23,1075181,"Home-market, low-trade (CBAM ~neutral)",FALSE
BG,BG33,C24,23339,"Home-market, import-protected (CBAM shields)",TRUE
BG,BG34,C19-C20,1630381,Export-exposed (CBAM no help abroad),FALSE
BG,BG34,C23,37157,"Home-market, low-trade (CBAM ~neutral)",FALSE
BG,BG34,C24,39736,"Home-market, import-protected (CBAM shields)",TRUE
BG,BG41,C23,177617,"Home-market, low-trade (CBAM ~neutral)",FALSE
BG,BG41,C24,159469,"Home-market, import-protected (CBAM shields)",TRUE
BG,BG42,C19-C20,522934,Export-exposed (CBAM no help abroad),FALSE
BG,BG42,C23,224631,"Home-market, low-trade (CBAM ~neutral)",FALSE
BG,BG42,C24,181230,"Home-market, import-protected (CBAM shields)",TRUE
CY,CY00,C23,10039,"Home-market, import-protected (CBAM shields)",FALSE
CZ,CZ01,C23,390322,"Home-market, low-trade (CBAM ~neutral)",TRUE
CZ,CZ02,C19-C20,596701,"Home-market, low-trade (CBAM ~neutral)",TRUE
CZ,CZ02,C23,253709,"Home-market, low-trade (CBAM ~neutral)",TRUE
CZ,CZ02,C24,0,"Home-market, low-trade (CBAM ~neutral)",TRUE
CZ,CZ03,C23,67662,"Home-market, low-trade (CBAM ~neutral)",TRUE
CZ,CZ03,C24,2681,"Home-market, low-trade (CBAM ~neutral)",TRUE
CZ,CZ04,C19-C20,404764,"Home-market, low-trade (CBAM ~neutral)",TRUE
CZ,CZ04,C23,844647,"Home-market, low-trade (CBAM ~neutral)",TRUE
CZ,CZ04,C24,20233,"Home-market, low-trade (CBAM ~neutral)",TRUE
CZ,CZ05,C19-C20,24200,"Home-market, low-trade (CBAM ~neutral)",TRUE
CZ,CZ05,C23,502828,"Home-market, low-trade (CBAM ~neutral)",TRUE
CZ,CZ06,C23,600283,"Home-market, low-trade (CBAM ~neutral)",TRUE
CZ,CZ07,C19-C20,88966,"Home-market, low-trade (CBAM ~neutral)",TRUE
CZ,CZ07,C23,696533,"Home-market, low-trade (CBAM ~neutral)",TRUE
CZ,CZ08,C19-C20,122613,"Home-market, low-trade (CBAM ~neutral)",TRUE
CZ,CZ08,C23,151339,"Home-market, low-trade (CBAM ~neutral)",TRUE
CZ,CZ08,C24,2674601,"Home-market, low-trade (CBAM ~neutral)",TRUE
DE,DE11,C23,449225,"Home-market, low-trade (CBAM ~neutral)",TRUE
DE,DE11,C24,15369,"Home-market, low-trade (CBAM ~neutral)",TRUE
DE,DE12,C19-C20,2569583,"Home-market, import-protected (CBAM shields)",TRUE
DE,DE12,C23,454253,"Home-market, low-trade (CBAM ~neutral)",TRUE
DE,DE12,C24,21411,"Home-market, low-trade (CBAM ~neutral)",TRUE
DE,DE13,C19-C20,16745,"Home-market, import-protected (CBAM shields)",TRUE
DE,DE13,C23,136104,"Home-market, low-trade (CBAM ~neutral)",TRUE
DE,DE13,C24,242843,"Home-market, low-trade (CBAM ~neutral)",TRUE
DE,DE14,C23,1894756,"Home-market, low-trade (CBAM ~neutral)",TRUE
DE,DE21,C19-C20,2552942,"Home-market, import-protected (CBAM shields)",TRUE
DE,DE21,C23,826658,"Home-market, low-trade (CBAM ~neutral)",TRUE
DE,DE21,C24,25406,"Home-market, low-trade (CBAM ~neutral)",TRUE
DE,DE22,C19-C20,813834,"Home-market, import-protected (CBAM shields)",TRUE
DE,DE22,C23,496543,"Home-market, low-trade (CBAM ~neutral)",TRUE
DE,DE22,C24,26084,"Home-market, low-trade (CBAM ~neutral)",TRUE
DE,DE23,C23,1162579,"Home-market, low-trade (CBAM ~neutral)",TRUE
DE,DE23,C24,3854,"Home-market, low-trade (CBAM ~neutral)",TRUE
DE,DE24,C23,304490,"Home-market, low-trade (CBAM ~neutral)",TRUE
DE,DE25,C23,281209,"Home-market, low-trade (CBAM ~neutral)",TRUE
DE,DE26,C23,1414806,"Home-market, low-trade (CBAM ~neutral)",TRUE
DE,DE26,C24,43721,"Home-market, low-trade (CBAM ~neutral)",TRUE
DE,DE27,C23,948645,"Home-market, low-trade (CBAM ~neutral)",TRUE
DE,DE27,C24,107880,"Home-market, low-trade (CBAM ~neutral)",TRUE
DE,DE40,C19-C20,3123277,"Home-market, import-protected (CBAM shields)",TRUE
DE,DE40,C23,1401264,"Home-market, low-trade (CBAM ~neutral)",TRUE
DE,DE40,C24,1858801,"Home-market, low-trade (CBAM ~neutral)",TRUE
DE,DE50,C23,12875,"Home-market, low-trade (CBAM ~neutral)",TRUE
DE,DE50,C24,2800457,"Home-market, low-trade (CBAM ~neutral)",TRUE
DE,DE60,C19-C20,700545,"Home-market, import-protected (CBAM shields)",TRUE
DE,DE60,C24,410912,"Home-market, low-trade (CBAM ~neutral)",TRUE
DE,DE71,C19-C20,48496,"Home-market, import-protected (CBAM shields)",TRUE
DE,DE71,C23,169103,"Home-market, low-trade (CBAM ~neutral)",TRUE
DE,DE72,C23,287566,"Home-market, low-trade (CBAM ~neutral)",TRUE
DE,DE72,C24,334808,"Home-market, low-trade (CBAM ~neutral)",TRUE
DE,DE73,C23,257136,"Home-market, low-trade (CBAM ~neutral)",TRUE
DE,DE80,C19-C20,90355,"Home-market, import-protected (CBAM shields)",TRUE
DE,DE80,C23,103853,"Home-market, low-trade (CBAM ~neutral)",TRUE
DE,DE91,C19-C20,585,"Home-market, import-protected (CBAM shields)",TRUE
DE,DE91,C23,513910,"Home-market, low-trade (CBAM ~neutral)",TRUE
DE,DE91,C24,3896726,"Home-market, low-trade (CBAM ~neutral)",TRUE
DE,DE92,C19-C20,24631,"Home-market, import-protected (CBAM shields)",TRUE
DE,DE92,C23,1412394,"Home-market, low-trade (CBAM ~neutral)",TRUE
DE,DE93,C19-C20,17883,"Home-market, import-protected (CBAM shields)",TRUE
DE,DE93,C23,168356,"Home-market, low-trade (CBAM ~neutral)",TRUE
DE,DE93,C24,192069,"Home-market, low-trade (CBAM ~neutral)",TRUE
DE,DE94,C19-C20,1171299,"Home-market, import-protected (CBAM shields)",TRUE
DE,DE94,C23,128246,"Home-market, low-trade (CBAM ~neutral)",TRUE
DE,DE94,C24,300986,"Home-market, low-trade (CBAM ~neutral)",TRUE
DE,DEA1,C19-C20,2295584,"Home-market, import-protected (CBAM shields)",TRUE
DE,DEA1,C23,2148699,"Home-market, low-trade (CBAM ~neutral)",TRUE
DE,DEA1,C24,13582159,"Home-market, low-trade (CBAM ~neutral)",TRUE
DE,DEA2,C19-C20,6622166,"Home-market, import-protected (CBAM shields)",TRUE
DE,DEA2,C23,396729,"Home-market, low-trade (CBAM ~neutral)",TRUE
DE,DEA2,C24,210490,"Home-market, low-trade (CBAM ~neutral)",TRUE
DE,DEA3,C19-C20,4448735,"Home-market, import-protected (CBAM shields)",TRUE
DE,DEA3,C23,2442756,"Home-market, low-trade (CBAM ~neutral)",TRUE
DE,DEA3,C24,28841,"Home-market, low-trade (CBAM ~neutral)",TRUE
DE,DEA4,C23,161649,"Home-market, low-trade (CBAM ~neutral)",TRUE
DE,DEA4,C24,45116,"Home-market, low-trade (CBAM ~neutral)",TRUE
DE,DEA5,C19-C20,370492,"Home-market, import-protected (CBAM shields)",TRUE
DE,DEA5,C23,3095564,"Home-market, low-trade (CBAM ~neutral)",TRUE
DE,DEA5,C24,877751,"Home-market, low-trade (CBAM ~neutral)",TRUE
DE,DEB1,C23,385101,"Home-market, low-trade (CBAM ~neutral)",TRUE
DE,DEB1,C24,100618,"Home-market, low-trade (CBAM ~neutral)",TRUE
DE,DEB2,C23,193528,"Home-market, low-trade (CBAM ~neutral)",TRUE
DE,DEB2,C24,9730,"Home-market, low-trade (CBAM ~neutral)",TRUE
DE,DEB3,C19-C20,2128707,"Home-market, import-protected (CBAM shields)",TRUE
DE,DEB3,C23,965386,"Home-market, low-trade (CBAM ~neutral)",TRUE
DE,DEB3,C24,37878,"Home-market, low-trade (CBAM ~neutral)",TRUE
DE,DEC0,C19-C20,677886,"Home-market, import-protected (CBAM shields)",TRUE
DE,DEC0,C23,0,"Home-market, low-trade (CBAM ~neutral)",TRUE
DE,DEC0,C24,5150010,"Home-market, low-trade (CBAM ~neutral)",TRUE
DE,DED2,C23,71709,"Home-market, low-trade (CBAM ~neutral)",TRUE
DE,DED2,C24,187796,"Home-market, low-trade (CBAM ~neutral)",TRUE
DE,DED4,C23,95402,"Home-market, low-trade (CBAM ~neutral)",TRUE
DE,DED4,C24,102387,"Home-market, low-trade (CBAM ~neutral)",TRUE
DE,DED5,C19-C20,985740,"Home-market, import-protected (CBAM shields)",TRUE
DE,DED5,C23,205893,"Home-market, low-trade (CBAM ~neutral)",TRUE
DE,DED5,C24,19926,"Home-market, low-trade (CBAM ~neutral)",TRUE
DE,DEE0,C19-C20,4575870,"Home-market, import-protected (CBAM shields)",TRUE
DE,DEE0,C23,3170680,"Home-market, low-trade (CBAM ~neutral)",TRUE
DE,DEE0,C24,204886,"Home-market, low-trade (CBAM ~neutral)",TRUE
DE,DEF0,C19-C20,2493733,"Home-market, import-protected (CBAM shields)",TRUE
DE,DEF0,C23,1019934,"Home-market, low-trade (CBAM ~neutral)",TRUE
DE,DEG0,C19-C20,1733,"Home-market, import-protected (CBAM shields)",TRUE
DE,DEG0,C23,1357894,"Home-market, low-trade (CBAM ~neutral)",TRUE
DE,DEG0,C24,104195,"Home-market, low-trade (CBAM ~neutral)",TRUE
DK,DK01,C23,0,"Home-market, low-trade (CBAM ~neutral)",TRUE
DK,DK01,C24,0,"Home-market, import-protected (CBAM shields)",FALSE
DK,DK02,C19-C20,532667,Export-exposed (CBAM no help abroad),TRUE
DK,DK02,C23,48047,"Home-market, low-trade (CBAM ~neutral)",TRUE
DK,DK03,C19-C20,395532,Export-exposed (CBAM no help abroad),TRUE
DK,DK03,C23,57253,"Home-market, low-trade (CBAM ~neutral)",TRUE
DK,DK04,C23,80280,"Home-market, low-trade (CBAM ~neutral)",TRUE
DK,DK05,C23,1729263,"Home-market, low-trade (CBAM ~neutral)",TRUE
EE,EE00,C19-C20,1960729,Export-exposed (CBAM no help abroad),FALSE
EE,EE00,C23,63948,"Home-market, low-trade (CBAM ~neutral)",FALSE
EL,EL30,C19-C20,3514705,Export-exposed (CBAM no help abroad),TRUE
EL,EL30,C23,278360,"Home-market, import-protected (CBAM shields)",FALSE
EL,EL30,C24,123750,Export-exposed (CBAM no help abroad),TRUE
EL,EL43,C23,2117,"Home-market, import-protected (CBAM shields)",FALSE
EL,EL51,C19-C20,154158,Export-exposed (CBAM no help abroad),TRUE
EL,EL51,C23,0,"Home-market, import-protected (CBAM shields)",FALSE
EL,EL52,C23,987680,"Home-market, import-protected (CBAM shields)",FALSE
EL,EL52,C24,45576,Export-exposed (CBAM no help abroad),TRUE
EL,EL53,C23,12399,"Home-market, import-protected (CBAM shields)",FALSE
EL,EL54,C23,3352,"Home-market, import-protected (CBAM shields)",FALSE
EL,EL61,C19-C20,310474,Export-exposed (CBAM no help abroad),TRUE
EL,EL61,C23,1159207,"Home-market, import-protected (CBAM shields)",FALSE
EL,EL61,C24,89627,Export-exposed (CBAM no help abroad),TRUE
EL,EL63,C23,745326,"Home-market, import-protected (CBAM shields)",FALSE
EL,EL64,C23,2111231,"Home-market, import-protected (CBAM shields)",FALSE
EL,EL64,C24,3,Export-exposed (CBAM no help abroad),TRUE
EL,EL65,C19-C20,2047197,Export-exposed (CBAM no help abroad),TRUE
EL,EL65,C23,13544,"Home-market, import-protected (CBAM shields)",FALSE
ES,ES11,C19-C20,1177846,"Home-market, import-protected (CBAM shields)",TRUE
ES,ES11,C23,128590,"Home-market, low-trade (CBAM ~neutral)",TRUE
ES,ES11,C24,565563,"Home-market, low-trade (CBAM ~neutral)",TRUE
ES,ES12,C19-C20,56794,"Home-market, import-protected (CBAM shields)",TRUE
ES,ES12,C23,1150637,"Home-market, low-trade (CBAM ~neutral)",TRUE
ES,ES12,C24,4131636,"Home-market, low-trade (CBAM ~neutral)",TRUE
ES,ES13,C19-C20,973587,"Home-market, import-protected (CBAM shields)",TRUE
ES,ES13,C23,493297,"Home-market, low-trade (CBAM ~neutral)",TRUE
ES,ES13,C24,207892,"Home-market, low-trade (CBAM ~neutral)",TRUE
ES,ES21,C19-C20,2147154,"Home-market, import-protected (CBAM shields)",TRUE
ES,ES21,C23,1305808,"Home-market, low-trade (CBAM ~neutral)",TRUE
ES,ES21,C24,557939,"Home-market, low-trade (CBAM ~neutral)",TRUE
ES,ES22,C23,849787,"Home-market, low-trade (CBAM ~neutral)",TRUE
ES,ES22,C24,46975,"Home-market, low-trade (CBAM ~neutral)",TRUE
ES,ES23,C23,0,"Home-market, low-trade (CBAM ~neutral)",TRUE
ES,ES24,C23,539939,"Home-market, low-trade (CBAM ~neutral)",TRUE
ES,ES24,C24,73161,"Home-market, low-trade (CBAM ~neutral)",TRUE
ES,ES30,C23,1028605,"Home-market, low-trade (CBAM ~neutral)",TRUE
ES,ES41,C19-C20,30483,"Home-market, import-protected (CBAM shields)",TRUE
ES,ES41,C23,1616382,"Home-market, low-trade (CBAM ~neutral)",TRUE
ES,ES41,C24,13812,"Home-market, low-trade (CBAM ~neutral)",TRUE
ES,ES42,C19-C20,2175697,"Home-market, import-protected (CBAM shields)",TRUE
ES,ES42,C23,743056,"Home-market, low-trade (CBAM ~neutral)",TRUE
ES,ES42,C24,0,"Home-market, low-trade (CBAM ~neutral)",TRUE
ES,ES43,C23,534759,"Home-market, low-trade (CBAM ~neutral)",TRUE
ES,ES43,C24,132895,"Home-market, low-trade (CBAM ~neutral)",TRUE
ES,ES51,C19-C20,4514108,"Home-market, import-protected (CBAM shields)",TRUE
ES,ES51,C23,2824820,"Home-market, low-trade (CBAM ~neutral)",TRUE
ES,ES51,C24,199419,"Home-market, low-trade (CBAM ~neutral)",TRUE
ES,ES52,C19-C20,1187671,"Home-market, import-protected (CBAM shields)",TRUE
ES,ES52,C23,3690134,"Home-market, low-trade (CBAM ~neutral)",TRUE
ES,ES52,C24,120252,"Home-market, low-trade (CBAM ~neutral)",TRUE
ES,ES53,C23,0,"Home-market, low-trade (CBAM ~neutral)",TRUE
ES,ES61,C19-C20,3538132,"Home-market, import-protected (CBAM shields)",TRUE
ES,ES61,C23,2722191,"Home-market, low-trade (CBAM ~neutral)",TRUE
ES,ES61,C24,523298,"Home-market, low-trade (CBAM ~neutral)",TRUE
ES,ES62,C19-C20,2476458,"Home-market, import-protected (CBAM shields)",TRUE
ES,ES62,C23,32241,"Home-market, low-trade (CBAM ~neutral)",TRUE
ES,ES70,C19-C20,24540,"Home-market, import-protected (CBAM shields)",TRUE
ES,ES70,C23,0,"Home-market, low-trade (CBAM ~neutral)",TRUE
FI,FI19,C19-C20,0,Export-exposed (CBAM no help abroad),TRUE
FI,FI19,C23,0,"Home-market, low-trade (CBAM ~neutral)",TRUE
FI,FI19,C24,71614,"Home-market, import-protected (CBAM shields)",TRUE
FI,FI1B,C19-C20,239472,Export-exposed (CBAM no help abroad),TRUE
FI,FI1B,C23,92243,"Home-market, low-trade (CBAM ~neutral)",TRUE
FI,FI1B,C24,0,"Home-market, import-protected (CBAM shields)",TRUE
FI,FI1C,C19-C20,28535,Export-exposed (CBAM no help abroad),TRUE
FI,FI1C,C23,49969,"Home-market, low-trade (CBAM ~neutral)",TRUE
FI,FI1C,C24,35192,"Home-market, import-protected (CBAM shields)",TRUE
FI,FI1D,C19-C20,24638,Export-exposed (CBAM no help abroad),TRUE
FI,FI1D,C23,272966,"Home-market, low-trade (CBAM ~neutral)",TRUE
FI,FI1D,C24,7969,"Home-market, import-protected (CBAM shields)",TRUE
FR,FR10,C19-C20,39621,Export-exposed (CBAM no help abroad),TRUE
FR,FR10,C23,173709,"Home-market, low-trade (CBAM ~neutral)",TRUE
FR,FR10,C24,125836,"Home-market, low-trade (CBAM ~neutral)",TRUE
FR,FRB0,C23,588332,"Home-market, low-trade (CBAM ~neutral)",TRUE
FR,FRC1,C23,168076,"Home-market, low-trade (CBAM ~neutral)",TRUE
FR,FRC1,C24,81000,"Home-market, low-trade (CBAM ~neutral)",TRUE
FR,FRC2,C19-C20,63587,Export-exposed (CBAM no help abroad),TRUE
FR,FRC2,C23,273502,"Home-market, low-trade (CBAM ~neutral)",TRUE
FR,FRD1,C23,274595,"Home-market, low-trade (CBAM ~neutral)",TRUE
FR,FRD2,C19-C20,4414799,Export-exposed (CBAM no help abroad),TRUE
FR,FRD2,C23,151000,"Home-market, low-trade (CBAM ~neutral)",TRUE
FR,FRD2,C24,0,"Home-market, low-trade (CBAM ~neutral)",TRUE
FR,FRE1,C19-C20,426206,Export-exposed (CBAM no help abroad),TRUE
FR,FRE1,C23,1353856,"Home-market, low-trade (CBAM ~neutral)",TRUE
FR,FRE1,C24,6203572,"Home-market, low-trade (CBAM ~neutral)",TRUE
FR,FRE2,C23,285670,"Home-market, low-trade (CBAM ~neutral)",TRUE
FR,FRE2,C24,30316,"Home-market, low-trade (CBAM ~neutral)",TRUE
FR,FRF1,C19-C20,283476,Export-exposed (CBAM no help abroad),TRUE
FR,FRF1,C23,337825,"Home-market, low-trade (CBAM ~neutral)",TRUE
FR,FRF1,C24,150062,"Home-market, low-trade (CBAM ~neutral)",TRUE
FR,FRF2,C23,744485,"Home-market, low-trade (CBAM ~neutral)",TRUE
FR,FRF2,C24,14495,"Home-market, low-trade (CBAM ~neutral)",TRUE
FR,FRF3,C19-C20,642118,Export-exposed (CBAM no help abroad),TRUE
FR,FRF3,C23,1542110,"Home-market, low-trade (CBAM ~neutral)",TRUE
FR,FRF3,C24,735081,"Home-market, low-trade (CBAM ~neutral)",TRUE
FR,FRG0,C19-C20,836249,Export-exposed (CBAM no help abroad),TRUE
FR,FRG0,C23,1041172,"Home-market, low-trade (CBAM ~neutral)",TRUE
FR,FRI1,C19-C20,22944,Export-exposed (CBAM no help abroad),TRUE
FR,FRI1,C23,204257,"Home-market, low-trade (CBAM ~neutral)",TRUE
FR,FRI2,C19-C20,113218,Export-exposed (CBAM no help abroad),TRUE
FR,FRI3,C23,719241,"Home-market, low-trade (CBAM ~neutral)",TRUE
FR,FRJ1,C23,977006,"Home-market, low-trade (CBAM ~neutral)",TRUE
FR,FRJ1,C24,153157,"Home-market, low-trade (CBAM ~neutral)",TRUE
FR,FRJ2,C19-C20,22041,Export-exposed (CBAM no help abroad),TRUE
FR,FRJ2,C23,584393,"Home-market, low-trade (CBAM ~neutral)",TRUE
FR,FRK1,C23,380802,"Home-market, low-trade (CBAM ~neutral)",TRUE
FR,FRK1,C24,116721,"Home-market, low-trade (CBAM ~neutral)",TRUE
FR,FRK2,C19-C20,1225337,Export-exposed (CBAM no help abroad),TRUE
FR,FRK2,C23,2359342,"Home-market, low-trade (CBAM ~neutral)",TRUE
FR,FRK2,C24,626037,"Home-market, low-trade (CBAM ~neutral)",TRUE
FR,FRL0,C19-C20,2609722,Export-exposed (CBAM no help abroad),TRUE
FR,FRL0,C23,1222925,"Home-market, low-trade (CBAM ~neutral)",TRUE
FR,FRL0,C24,5400182,"Home-market, low-trade (CBAM ~neutral)",TRUE
FR,FRY2,C23,0,"Home-market, low-trade (CBAM ~neutral)",TRUE
HR,HR03,C19-C20,678325,"Home-market, import-protected (CBAM shields)",FALSE
HR,HR03,C23,1277898,"Home-market, low-trade (CBAM ~neutral)",FALSE
HR,HR03,C24,15151,"Home-market, import-protected (CBAM shields)",FALSE
HR,HR04,C19-C20,344902,"Home-market, import-protected (CBAM shields)",FALSE
HR,HR04,C23,886180,"Home-market, low-trade (CBAM ~neutral)",FALSE
HR,HR04,C24,33099,"Home-market, import-protected (CBAM shields)",FALSE
HU,HU11,C23,16437,"Home-market, import-protected (CBAM shields)",TRUE
HU,HU12,C19-C20,879810,"Home-market, import-protected (CBAM shields)",TRUE
HU,HU12,C23,346068,"Home-market, import-protected (CBAM shields)",TRUE
HU,HU21,C19-C20,795568,"Home-market, import-protected (CBAM shields)",TRUE
HU,HU21,C23,142085,"Home-market, import-protected (CBAM shields)",TRUE
HU,HU21,C24,351013,"Home-market, import-protected (CBAM shields)",FALSE
HU,HU22,C23,28732,"Home-market, import-protected (CBAM shields)",TRUE
HU,HU23,C23,477053,"Home-market, import-protected (CBAM shields)",TRUE
HU,HU31,C19-C20,497451,"Home-market, import-protected (CBAM shields)",TRUE
HU,HU31,C23,53380,"Home-market, import-protected (CBAM shields)",TRUE
HU,HU31,C24,30781,"Home-market, import-protected (CBAM shields)",FALSE
HU,HU32,C23,0,"Home-market, import-protected (CBAM shields)",TRUE
HU,HU33,C23,99812,"Home-market, import-protected (CBAM shields)",TRUE
IE,IE04,C23,640446,"Home-market, import-protected (CBAM shields)",TRUE
IE,IE05,C19-C20,286922,Export-exposed (CBAM no help abroad),TRUE
IE,IE05,C23,856396,"Home-market, import-protected (CBAM shields)",TRUE
IE,IE06,C23,1379726,"Home-market, import-protected (CBAM shields)",TRUE
IT,ITC1,C19-C20,964516,"Home-market, import-protected (CBAM shields)",TRUE
IT,ITC1,C23,1012359,"Home-market, low-trade (CBAM ~neutral)",TRUE
IT,ITC1,C24,121468,"Home-market, import-protected (CBAM shields)",TRUE
IT,ITC2,C24,87962,"Home-market, import-protected (CBAM shields)",TRUE
IT,ITC3,C19-C20,267101,"Home-market, import-protected (CBAM shields)",TRUE
IT,ITC3,C23,157114,"Home-market, low-trade (CBAM ~neutral)",TRUE
IT,ITC3,C24,61742,"Home-market, import-protected (CBAM shields)",TRUE
IT,ITC4,C19-C20,1835604,"Home-market, import-protected (CBAM shields)",TRUE
IT,ITC4,C23,3814216,"Home-market, low-trade (CBAM ~neutral)",TRUE
IT,ITC4,C24,1805137,"Home-market, import-protected (CBAM shields)",TRUE
IT,ITF1,C23,347159,"Home-market, low-trade (CBAM ~neutral)",TRUE
IT,ITF2,C23,746142,"Home-market, low-trade (CBAM ~neutral)",TRUE
IT,ITF3,C23,137471,"Home-market, low-trade (CBAM ~neutral)",TRUE
IT,ITF3,C24,52017,"Home-market, import-protected (CBAM shields)",TRUE
IT,ITF4,C19-C20,401650,"Home-market, import-protected (CBAM shields)",TRUE
IT,ITF4,C23,766987,"Home-market, low-trade (CBAM ~neutral)",TRUE
IT,ITF4,C24,4351958,"Home-market, import-protected (CBAM shields)",TRUE
IT,ITF5,C23,437663,"Home-market, low-trade (CBAM ~neutral)",TRUE
IT,ITF5,C24,49240,"Home-market, import-protected (CBAM shields)",TRUE
IT,ITF6,C19-C20,662920,"Home-market, import-protected (CBAM shields)",TRUE
IT,ITF6,C23,167602,"Home-market, low-trade (CBAM ~neutral)",TRUE
IT,ITG1,C19-C20,5625561,"Home-market, import-protected (CBAM shields)",TRUE
IT,ITG1,C23,963645,"Home-market, low-trade (CBAM ~neutral)",TRUE
IT,ITG1,C24,16397,"Home-market, import-protected (CBAM shields)",TRUE
IT,ITG2,C19-C20,29394,"Home-market, import-protected (CBAM shields)",TRUE
IT,ITG2,C23,311527,"Home-market, low-trade (CBAM ~neutral)",TRUE
IT,ITG2,C24,183384,"Home-market, import-protected (CBAM shields)",TRUE
IT,ITH2,C23,148466,"Home-market, low-trade (CBAM ~neutral)",TRUE
IT,ITH2,C24,30788,"Home-market, import-protected (CBAM shields)",TRUE
IT,ITH3,C19-C20,377868,"Home-market, import-protected (CBAM shields)",TRUE
IT,ITH3,C23,1804180,"Home-market, low-trade (CBAM ~neutral)",TRUE
IT,ITH3,C24,481545,"Home-market, import-protected (CBAM shields)",TRUE
IT,ITH4,C19-C20,0,"Home-market, import-protected (CBAM shields)",TRUE
IT,ITH4,C23,652747,"Home-market, low-trade (CBAM ~neutral)",TRUE
IT,ITH4,C24,643137,"Home-market, import-protected (CBAM shields)",TRUE
IT,ITH5,C19-C20,204700,"Home-market, import-protected (CBAM shields)",TRUE
IT,ITH5,C23,2667297,"Home-market, low-trade (CBAM ~neutral)",TRUE
IT,ITH5,C24,271019,"Home-market, import-protected (CBAM shields)",TRUE
IT,ITI1,C19-C20,284339,"Home-market, import-protected (CBAM shields)",TRUE
IT,ITI1,C23,742230,"Home-market, low-trade (CBAM ~neutral)",TRUE
IT,ITI1,C24,69586,"Home-market, import-protected (CBAM shields)",TRUE
IT,ITI2,C23,647528,"Home-market, low-trade (CBAM ~neutral)",TRUE
IT,ITI2,C24,306687,"Home-market, import-protected (CBAM shields)",TRUE
IT,ITI3,C19-C20,435468,"Home-market, import-protected (CBAM shields)",TRUE
IT,ITI3,C23,0,"Home-market, low-trade (CBAM ~neutral)",TRUE
IT,ITI3,C24,70287,"Home-market, import-protected (CBAM shields)",TRUE
IT,ITI4,C19-C20,30551,"Home-market, import-protected (CBAM shields)",TRUE
IT,ITI4,C23,890317,"Home-market, low-trade (CBAM ~neutral)",TRUE
IT,ITI4,C24,28009,"Home-market, import-protected (CBAM shields)",TRUE
LT,LT01,C23,49235,"Home-market, import-protected (CBAM shields)",FALSE
LT,LT02,C19-C20,3009655,Export-exposed (CBAM no help abroad),TRUE
LT,LT02,C23,817746,"Home-market, import-protected (CBAM shields)",FALSE
LU,LU00,C23,394535,"Home-market, low-trade (CBAM ~neutral)",FALSE
LU,LU00,C24,350404,"Home-market, low-trade (CBAM ~neutral)",TRUE
LV,LV00,C23,783980,"Home-market, low-trade (CBAM ~neutral)",FALSE
LV,LV00,C24,1,Net importer (CBAM = cost),FALSE
NL,NL11,C19-C20,1390,"Home-market, low-trade (CBAM ~neutral)",TRUE
NL,NL11,C23,135418,"Home-market, low-trade (CBAM ~neutral)",TRUE
NL,NL11,C24,21,"Home-market, import-protected (CBAM shields)",TRUE
NL,NL22,C23,65955,"Home-market, low-trade (CBAM ~neutral)",TRUE
NL,NL31,C23,9825,"Home-market, low-trade (CBAM ~neutral)",TRUE
NL,NL32,C24,4543687,"Home-market, import-protected (CBAM shields)",TRUE
NL,NL33,C19-C20,7529618,"Home-market, low-trade (CBAM ~neutral)",TRUE
NL,NL33,C23,98712,"Home-market, low-trade (CBAM ~neutral)",TRUE
NL,NL33,C24,9236,"Home-market, import-protected (CBAM shields)",TRUE
NL,NL34,C19-C20,7428456,"Home-market, low-trade (CBAM ~neutral)",TRUE
NL,NL34,C24,63676,"Home-market, import-protected (CBAM shields)",TRUE
NL,NL41,C19-C20,2258074,"Home-market, low-trade (CBAM ~neutral)",TRUE
NL,NL41,C23,319064,"Home-market, low-trade (CBAM ~neutral)",TRUE
NL,NL41,C24,18632,"Home-market, import-protected (CBAM shields)",TRUE
NL,NL42,C23,246773,"Home-market, low-trade (CBAM ~neutral)",TRUE
NL,NL42,C24,13528,"Home-market, import-protected (CBAM shields)",TRUE
PL,PL21,C19-C20,562147,"Home-market, import-protected (CBAM shields)",TRUE
PL,PL21,C23,45820,"Home-market, low-trade (CBAM ~neutral)",TRUE
PL,PL21,C24,353449,"Home-market, import-protected (CBAM shields)",TRUE
PL,PL22,C19-C20,950850,"Home-market, import-protected (CBAM shields)",TRUE
PL,PL22,C23,1349046,"Home-market, low-trade (CBAM ~neutral)",TRUE
PL,PL22,C24,3718104,"Home-market, import-protected (CBAM shields)",TRUE
PL,PL41,C23,374552,"Home-market, low-trade (CBAM ~neutral)",TRUE
PL,PL41,C24,31409,"Home-market, import-protected (CBAM shields)",TRUE
PL,PL42,C19-C20,462412,"Home-market, import-protected (CBAM shields)",TRUE
PL,PL42,C23,0,"Home-market, low-trade (CBAM ~neutral)",TRUE
PL,PL43,C19-C20,8939,"Home-market, import-protected (CBAM shields)",TRUE
PL,PL43,C23,100856,"Home-market, low-trade (CBAM ~neutral)",TRUE
PL,PL51,C19-C20,82987,"Home-market, import-protected (CBAM shields)",TRUE
PL,PL51,C23,156583,"Home-market, low-trade (CBAM ~neutral)",TRUE
PL,PL51,C24,1026284,"Home-market, import-protected (CBAM shields)",TRUE
PL,PL52,C19-C20,868696,"Home-market, import-protected (CBAM shields)",TRUE
PL,PL52,C23,3155406,"Home-market, low-trade (CBAM ~neutral)",TRUE
PL,PL52,C24,10443,"Home-market, import-protected (CBAM shields)",TRUE
PL,PL61,C19-C20,1298775,"Home-market, import-protected (CBAM shields)",TRUE
PL,PL61,C23,1329563,"Home-market, low-trade (CBAM ~neutral)",TRUE
PL,PL62,C23,53998,"Home-market, low-trade (CBAM ~neutral)",TRUE
PL,PL63,C19-C20,2160470,"Home-market, import-protected (CBAM shields)",TRUE
PL,PL63,C23,32004,"Home-market, low-trade (CBAM ~neutral)",TRUE
PL,PL71,C23,1924494,"Home-market, low-trade (CBAM ~neutral)",TRUE
PL,PL72,C23,4132364,"Home-market, low-trade (CBAM ~neutral)",TRUE
PL,PL72,C24,124698,"Home-market, import-protected (CBAM shields)",TRUE
PL,PL81,C19-C20,1471776,"Home-market, import-protected (CBAM shields)",TRUE
PL,PL81,C23,894700,"Home-market, low-trade (CBAM ~neutral)",TRUE
PL,PL82,C19-C20,97722,"Home-market, import-protected (CBAM shields)",TRUE
PL,PL82,C23,248012,"Home-market, low-trade (CBAM ~neutral)",TRUE
PL,PL82,C24,38137,"Home-market, import-protected (CBAM shields)",TRUE
PL,PL84,C23,4044,"Home-market, low-trade (CBAM ~neutral)",TRUE
PL,PL91,C23,10357,"Home-market, low-trade (CBAM ~neutral)",TRUE
PL,PL91,C24,66175,"Home-market, import-protected (CBAM shields)",TRUE
PL,PL92,C19-C20,6621904,"Home-market, import-protected (CBAM shields)",TRUE
PL,PL92,C23,194388,"Home-market, low-trade (CBAM ~neutral)",TRUE
PT,PT11,C19-C20,0,"Home-market, import-protected (CBAM shields)",TRUE
PT,PT11,C23,207508,"Home-market, low-trade (CBAM ~neutral)",TRUE
PT,PT11,C24,50258,"Home-market, import-protected (CBAM shields)",TRUE
PT,PT15,C23,233746,"Home-market, low-trade (CBAM ~neutral)",TRUE
PT,PT16,C19-C20,97572,"Home-market, import-protected (CBAM shields)",TRUE
PT,PT16,C23,2111329,"Home-market, low-trade (CBAM ~neutral)",TRUE
PT,PT17,C19-C20,9824,"Home-market, import-protected (CBAM shields)",TRUE
PT,PT17,C23,1833505,"Home-market, low-trade (CBAM ~neutral)",TRUE
PT,PT17,C24,89697,"Home-market, import-protected (CBAM shields)",TRUE
PT,PT18,C19-C20,2371202,"Home-market, import-protected (CBAM shields)",TRUE
PT,PT18,C23,340616,"Home-market, low-trade (CBAM ~neutral)",TRUE
RO,RO11,C23,960694,"Home-market, import-protected (CBAM shields)",TRUE
RO,RO11,C24,53718,"Home-market, import-protected (CBAM shields)",TRUE
RO,RO12,C19-C20,3850,"Home-market, import-protected (CBAM shields)",TRUE
RO,RO12,C23,857949,"Home-market, import-protected (CBAM shields)",TRUE
RO,RO12,C24,2034,"Home-market, import-protected (CBAM shields)",TRUE
RO,RO21,C19-C20,3304,"Home-market, import-protected (CBAM shields)",TRUE
RO,RO21,C23,568441,"Home-market, import-protected (CBAM shields)",TRUE
RO,RO21,C24,26452,"Home-market, import-protected (CBAM shields)",TRUE
RO,RO22,C19-C20,835562,"Home-market, import-protected (CBAM shields)",TRUE
RO,RO22,C23,939289,"Home-market, import-protected (CBAM shields)",TRUE
RO,RO22,C24,1434726,"Home-market, import-protected (CBAM shields)",TRUE
RO,RO31,C19-C20,839535,"Home-market, import-protected (CBAM shields)",TRUE
RO,RO31,C23,1960650,"Home-market, import-protected (CBAM shields)",TRUE
RO,RO31,C24,109325,"Home-market, import-protected (CBAM shields)",TRUE
RO,RO32,C23,72838,"Home-market, import-protected (CBAM shields)",TRUE
RO,RO32,C24,0,"Home-market, import-protected (CBAM shields)",TRUE
RO,RO41,C19-C20,16906,"Home-market, import-protected (CBAM shields)",TRUE
RO,RO41,C23,58299,"Home-market, import-protected (CBAM shields)",TRUE
RO,RO41,C24,229396,"Home-market, import-protected (CBAM shields)",TRUE
RO,RO42,C23,686681,"Home-market, import-protected (CBAM shields)",TRUE
RO,RO42,C24,61810,"Home-market, import-protected (CBAM shields)",TRUE
SE,SE11,C19-C20,100999,Export-exposed (CBAM no help abroad),TRUE
SE,SE12,C19-C20,5349,Export-exposed (CBAM no help abroad),TRUE
SE,SE12,C23,217794,"Home-market, low-trade (CBAM ~neutral)",TRUE
SE,SE12,C24,1662720,Export-exposed (CBAM no help abroad),TRUE
SE,SE21,C23,1473151,"Home-market, low-trade (CBAM ~neutral)",TRUE
SE,SE22,C19-C20,76056,Export-exposed (CBAM no help abroad),TRUE
SE,SE22,C23,58896,"Home-market, low-trade (CBAM ~neutral)",TRUE
SE,SE22,C24,176408,Export-exposed (CBAM no help abroad),TRUE
SE,SE23,C19-C20,2551800,Export-exposed (CBAM no help abroad),TRUE
SE,SE23,C23,437073,"Home-market, low-trade (CBAM ~neutral)",TRUE
SE,SE23,C24,153599,Export-exposed (CBAM no help abroad),TRUE
SE,SE31,C23,165558,"Home-market, low-trade (CBAM ~neutral)",TRUE
SE,SE31,C24,293280,Export-exposed (CBAM no help abroad),TRUE
SE,SE32,C19-C20,0,Export-exposed (CBAM no help abroad),TRUE
SE,SE32,C23,31154,"Home-market, low-trade (CBAM ~neutral)",TRUE
SE,SE32,C24,210920,Export-exposed (CBAM no help abroad),TRUE
SE,SE33,C23,91775,"Home-market, low-trade (CBAM ~neutral)",TRUE
SE,SE33,C24,3756693,Export-exposed (CBAM no help abroad),TRUE
SI,SI03,C19-C20,0,Net importer (CBAM = cost),FALSE
SI,SI03,C23,78383,"Home-market, import-protected (CBAM shields)",FALSE
SI,SI03,C24,172174,"Home-market, import-protected (CBAM shields)",TRUE
SI,SI04,C23,761684,"Home-market, import-protected (CBAM shields)",FALSE
SI,SI04,C24,72758,"Home-market, import-protected (CBAM shields)",TRUE
SK,SK01,C19-C20,1408734,"Home-market, import-protected (CBAM shields)",FALSE
SK,SK01,C23,868379,"Home-market, low-trade (CBAM ~neutral)",FALSE
SK,SK02,C19-C20,794426,"Home-market, import-protected (CBAM shields)",FALSE
SK,SK02,C23,842847,"Home-market, low-trade (CBAM ~neutral)",FALSE
SK,SK02,C24,0,"Home-market, low-trade (CBAM ~neutral)",TRUE
SK,SK03,C23,443870,"Home-market, low-trade (CBAM ~neutral)",FALSE
SK,SK03,C24,96071,"Home-market, low-trade (CBAM ~neutral)",TRUE
SK,SK04,C19-C20,14414,"Home-market, import-protected (CBAM shields)",FALSE
SK,SK04,C23,734518,"Home-market, low-trade (CBAM ~neutral)",FALSE
SK,SK04,C24,12774,"Home-market, low-trade (CBAM ~neutral)",TRUE
