"Country_ID","Sector_ID","verified","allocatedFree","free_alloc_share"
"AT","C10-C12",253860,163010,0.642125581028914
"AT","C16-C18",1074229,1852254,1
"AT","C19-C20",3831189,3103017,0.809935766677133
"AT","C21-C22",42347,31166,0.735967128722224
"AT","C23",3874020,3881087,1
"AT","C24",11874256,9305975,0.783710154135131
"AT","C25+C28",28829,7921,0.274758056124042
"AT","C29-C30",16316,7556,0.463103701887718
"BE","C10-C12",1531777,778945,0.508523760312369
"BE","C13-C15",43601,35365,0.81110524987959
"BE","C16-C18",611823,658797,1
"BE","C19-C20",13835008,13278068,0.959744150491275
"BE","C21-C22",96128,33161,0.344967127163782
"BE","C23",5784337,5492482,0.94954391488601
"BE","C24",4749875,8351384,1
"BE","C25+C28",0,0,NA
"BE","C26-C27",0,0,NA
"BE","C29-C30",34631,11400,0.329184834396928
"BG","C10-C12",166220,94163,0.566496209842378
"BG","C13-C15",12945,17794,1
"BG","C16-C18",67730,157344,1
"BG","C19-C20",3603534,2877552,0.798536103724843
"BG","C21-C22",19187,20353,1
"BG","C23",2451990,2332211,0.951150290172472
"BG","C24",403774,595376,1
"BG","C25+C28",0,0,NA
"CY","C23",10039,6920,0.68931168443072
"CZ","C10-C12",81737,59021,0.72208424581279
"CZ","C13-C15",0,0,NA
"CZ","C16-C18",363237,325523,0.896172471416733
"CZ","C19-C20",4916686,2681337,0.545354533521156
"CZ","C21-C22",19223,4913,0.255579254018624
"CZ","C23",3518653,3941285,1
"CZ","C24",4123749,6863726,1
"CZ","C25+C28",8839,8806,0.996266545989365
"CZ","C29-C30",47765,13123,0.274740919083011
"DE","C10-C12",1278712,598643,0.468160930686503
"DE","C13-C15",0,0,NA
"DE","C16-C18",4322177,5914684,1
"DE","C19-C20",37946408,33381311,0.879696202075306
"DE","C21-C22",260189,74108,0.284823724292726
"DE","C23",28624721,27678031,0.966927537913819
"DE","C24",31240108,47147417,1
"DE","C25+C28",53299,7777,0.14591268128858
"DE","C26-C27",1856,516,0.27801724137931
"DE","C29-C30",448064,79961,0.178458880874161
"DE","C31-C33",115027,15424,0.134090257070079
"DK","C10-C12",458665,319132,0.695784505030905
"DK","C16-C18",39539,47611,1
"DK","C19-C20",1066704,779529,0.730782860099896
"DK","C21-C22",5785,2149,0.371477960242005
"DK","C23",1986169,1992244,1
"DK","C24",107812,77965,0.723156976959893
"DK","C25+C28",97,826,1
"EE","C10-C12",0,0,NA
"EE","C16-C18",26021,87416,1
"EE","C19-C20",1960729,1727428,0.881013133380493
"EE","C23",63948,57474,0.898761493713642
"EL","C10-C12",39254,13861,0.353110511030723
"EL","C13-C15",7470,4996,0.668808567603748
"EL","C16-C18",97904,73765,0.753442147409707
"EL","C19-C20",6045129,4130839,0.683333473942409
"EL","C23",5313216,5339681,1
"EL","C24",1422898,1095562,0.769951184132665
"ES","C10-C12",1679276,698171,0.415757147723185
"ES","C13-C15",22576,12106,0.536233167965982
"ES","C16-C18",2411626,2125024,0.881158189536852
"ES","C19-C20",19373246,15818507,0.816512989098471
"ES","C21-C22",88684,48689,0.549016733570881
"ES","C23",17724644,17808432,1
"ES","C24",6572842,9727596,1
"ES","C26-C27",67590,94778,1
"ES","C29-C30",174434,32305,0.185198986436131
"FI","C10-C12",53239,34271,0.643719829448337
"FI","C16-C18",350997,784575,1
"FI","C19-C20",292645,363440,1
"FI","C23",415178,383432,0.923536410888824
"FI","C24",114775,160703,1
"FR","C10-C12",3447621,2738882,0.794426649565019
"FR","C13-C15",6847,5189,0.757850153351833
"FR","C16-C18",1476718,2677764,1
"FR","C19-C20",18460013,14448469,0.782690077195504
"FR","C21-C22",164110,123152,0.750423496435318
"FR","C23",13771116,12965199,0.941477727730999
"FR","C24",13899161,18238909,1
"FR","C25+C28",31192,5874,0.188317517312131
"FR","C26-C27",3594,439,0.122148024485253
"FR","C29-C30",352204,123595,0.35091878570374
"FR","C31-C33",10508,1318,0.125428245146555
"HR","C10-C12",80258,32148,0.400558199805627
"HR","C16-C18",13400,3091,0.230671641791045
"HR","C19-C20",1023227,753125,0.736029248641797
"HR","C23",2164078,2029309,0.937724518247494
"HR","C24",48250,25675,0.532124352331606
"HU","C10-C12",147678,166315,1
"HU","C16-C18",335805,310178,0.923684876639717
"HU","C19-C20",3904145,3390862,0.868528704748415
"HU","C21-C22",112213,52219,0.465356063914163
"HU","C23",1167120,1623276,1
"HU","C24",381901,997350,1
"HU","C26-C27",0,0,NA
"HU","C29-C30",37181,11919,0.320566956241091
"HU","C31-C33",0,0,NA
"IE","C10-C12",760715,341666,0.449137982030064
"IE","C16-C18",13840,140393,1
"IE","C19-C20",334277,229204,0.68567086577898
"IE","C21-C22",158470,50510,0.318735407332618
"IE","C23",2876568,2699094,0.938303561744412
"IE","C24",1015332,536767,0.528661560947552
"IE","C26-C27",51274,5515,0.107559386823731
"IE","C31-C33",19579,2753,0.14060983707033
"IT","C10-C12",1085284,529378,0.487778314247699
"IT","C13-C15",17716,53107,1
"IT","C16-C18",3022546,2363741,0.782036402423652
"IT","C19-C20",18867615,13369734,0.708607526706476
"IT","C21-C22",202830,87836,0.433052309816102
"IT","C23",16477245,14849239,0.901196710979293
"IT","C24",8729790,9796200,1
"IT","C25+C28",17928,11082,0.61813922356091
"IT","C26-C27",82239,4590,0.0558129354685733
"IT","C29-C30",99293,16609,0.167272617405054
"IT","C31-C33",0,0,NA
"LT","C10-C12",45491,67224,1
"LT","C16-C18",30877,87625,1
"LT","C19-C20",3032823,2671605,0.880897104776639
"LT","C23",867006,916788,1
"LU","C13-C15",41996,46189,1
"LU","C16-C18",5173,170816,1
"LU","C23",400352,560734,1
"LU","C24",350404,324762,0.926821611625438
"LV","C10-C12",5035,5651,1
"LV","C13-C15",3124,1406,0.450064020486556
"LV","C16-C18",0,0,NA
"LV","C19-C20",0,0,NA
"LV","C21-C22",5003,3935,0.78652808315011
"LV","C23",785954,793526,1
"LV","C24",1,0,0
"LV","C29-C30",0,0,NA
"NL","C10-C12",1056555,723326,0.684607994851191
"NL","C13-C15",11193,11299,1
"NL","C16-C18",652356,686342,1
"NL","C19-C20",21856614,19356600,0.88561750690203
"NL","C21-C22",45892,24645,0.537021703129086
"NL","C23",989494,815809,0.824470891182766
"NL","C24",4665076,10462063,1
"NL","C29-C30",20104,5385,0.267857142857143
"NL","C31-C33",10648,2636,0.24755822689707
"PL","C10-C12",565503,325312,0.575261316031922
"PL","C13-C15",0,0,NA
"PL","C16-C18",1514453,2050226,1
"PL","C19-C20",14758230,13835796,0.937496976263414
"PL","C21-C22",139810,38383,0.274536871468421
"PL","C23",14006187,13659823,0.975270642895172
"PL","C24",5559941,8141393,1
"PL","C25+C28",16681,2071,0.124153228223728
"PL","C26-C27",3312,0,0
"PL","C29-C30",0,0,NA
"PT","C10-C12",135688,82738,0.609766523200283
"PT","C13-C15",13798,19585,1
"PT","C16-C18",760107,775202,1
"PT","C19-C20",2846722,2402330,0.843893432516417
"PT","C23",4726704,4601395,0.973489137462384
"PT","C24",159321,125813,0.789682464960677
"PT","C29-C30",18747,3605,0.192297434256148
"RO","C10-C12",104521,75679,0.724055452971173
"RO","C16-C18",251907,349093,1
"RO","C19-C20",1893438,1931937,1
"RO","C21-C22",113665,26918,0.236818721682136
"RO","C23",6124655,5878613,0.959827614779935
"RO","C24",1942399,3747173,1
"RO","C25+C28",0,0,NA
"RO","C26-C27",972,0,0
"RO","C29-C30",50567,12598,0.249134811240532
"RO","C31-C33",0,0,NA
"SE","C10-C12",92760,119410,1
"SE","C16-C18",656067,3085716,1
"SE","C19-C20",3673621,3416361,0.929971001363505
"SE","C21-C22",4331,2325,0.536827522512122
"SE","C23",2475401,2287728,0.924184808845112
"SE","C24",6818544,6344590,0.930490439014546
"SE","C25+C28",9822,9061,0.92252087151293
"SE","C29-C30",35860,25241,0.703876185164529
"SI","C10-C12",5751,1371,0.238393322900365
"SI","C13-C15",829,969,1
"SI","C16-C18",188150,165559,0.879930906191868
"SI","C19-C20",7546,7137,0.945799098860323
"SI","C21-C22",48639,15538,0.319455580912437
"SI","C23",869980,808098,0.928869629186878
"SI","C24",244932,265285,1
"SI","C25+C28",0,0,NA
"SI","C29-C30",5659,2126,0.375684749955823
"SI","C31-C33",0,0,NA
"SK","C10-C12",51253,38568,0.752502292548729
"SK","C13-C15",0,0,NA
"SK","C16-C18",109209,300739,1
"SK","C19-C20",2349090,2359267,1
"SK","C21-C22",55475,16646,0.30006309148265
"SK","C23",2923281,3084029,1
"SK","C24",5484355,6656305,1
"SK","C25+C28",0,0,NA
"SK","C29-C30",80870,25011,0.3092741436874
"SK","C31-C33",0,0,NA
